name,value
min_score,-1.7026364500000002
max_score,1.7008183999999986
trews_threshold,0.853961